시도,시군구,발생년도,2014년,2014년,2015년,2015년,2016년,2016년,2017년,2017년,2018년,2018년
시도,시군구,발생년도,65-70세,71세이상,65-70세,71세이상,65-70세,71세이상,65-70세,71세이상,65-70세,71세이상
서울,종로구,사고건수,89,40,128,51,102,61,103,77,128,77
서울,종로구,사망자수,1,0,0,0,2,0,1,3,0,0
서울,종로구,부상자수,119,45,165,57,141,73,150,126,176,119
서울,중구,사고건수,98,49,123,57,110,76,116,54,123,85
서울,중구,사망자수,0,0,4,0,2,0,1,0,1,2
서울,중구,부상자수,138,63,150,70,155,95,163,75,161,115
서울,용산구,사고건수,110,45,129,54,116,49,109,85,123,108
서울,용산구,사망자수,0,0,3,2,0,0,0,0,0,1
서울,용산구,부상자수,155,61,157,70,174,61,154,131,167,130
서울,성동구,사고건수,68,45,68,41,83,46,92,44,104,50
서울,성동구,사망자수,1,1,0,0,1,0,2,3,0,1
서울,성동구,부상자수,101,67,93,64,131,64,129,79,159,64
서울,동대문구,사고건수,127,65,145,94,146,117,146,108,146,121
서울,동대문구,사망자수,0,2,1,0,2,1,4,1,1,0
서울,동대문구,부상자수,166,86,199,113,194,150,180,128,189,145
서울,성북구,사고건수,120,56,114,91,117,60,139,90,142,101
서울,성북구,사망자수,1,0,2,1,2,0,5,2,4,0
서울,성북구,부상자수,175,69,154,127,147,90,192,127,216,162
서울,도봉구,사고건수,65,34,60,45,72,38,86,55,73,74
서울,도봉구,사망자수,1,0,1,0,1,0,1,0,2,0
서울,도봉구,부상자수,86,38,94,59,105,52,112,79,88,92
서울,은평구,사고건수,93,48,87,54,92,57,92,73,115,78
서울,은평구,사망자수,0,0,2,1,1,3,1,2,1,1
서울,은평구,부상자수,114,77,115,70,127,72,136,112,149,102
서울,서대문구,사고건수,75,43,70,33,103,51,94,69,96,81
서울,서대문구,사망자수,2,0,0,1,0,2,0,1,1,0
서울,서대문구,부상자수,89,56,89,41,131,69,136,96,126,102
서울,마포구,사고건수,104,40,103,55,134,58,138,79,160,86
서울,마포구,사망자수,1,0,1,0,0,0,0,0,1,0
서울,마포구,부상자수,138,53,146,67,207,77,200,105,233,133
서울,강서구,사고건수,122,59,117,51,127,56,117,76,116,65
서울,강서구,사망자수,3,3,1,0,1,1,2,1,1,1
서울,강서구,부상자수,190,79,154,65,167,63,142,105,185,95
서울,구로구,사고건수,98,51,88,45,105,41,115,46,135,74
서울,구로구,사망자수,3,2,3,1,1,1,0,0,2,0
서울,구로구,부상자수,149,67,122,57,145,50,169,58,176,91
서울,영등포구,사고건수,126,80,164,103,150,98,205,108,224,130
서울,영등포구,사망자수,3,0,2,5,1,1,1,0,3,0
서울,영등포구,부상자수,165,102,250,120,211,135,269,142,297,173
서울,동작구,사고건수,90,42,92,49,107,63,111,66,114,80
서울,동작구,사망자수,1,0,2,1,1,3,3,3,1,2
서울,동작구,부상자수,125,65,132,79,150,101,162,95,162,94
서울,관악구,사고건수,93,56,101,56,104,56,110,46,101,68
서울,관악구,사망자수,2,1,0,0,1,0,0,1,1,0
서울,관악구,부상자수,130,76,139,70,144,88,153,58,124,91
서울,강남구,사고건수,208,88,209,118,267,111,276,132,314,190
서울,강남구,사망자수,2,1,0,1,0,0,0,1,0,5
서울,강남구,부상자수,302,127,284,150,365,144,394,179,445,297
서울,강동구,사고건수,80,37,92,50,100,60,117,57,135,92
서울,강동구,사망자수,1,0,2,2,3,2,2,3,2,1
서울,강동구,부상자수,122,48,134,76,135,88,150,71,177,113
서울,송파구,사고건수,154,68,151,87,182,94,233,129,228,156
서울,송파구,사망자수,2,2,2,2,2,0,3,2,5,3
서울,송파구,부상자수,203,78,193,131,274,133,301,182,333,198
서울,서초구,사고건수,130,73,127,71,158,95,168,115,204,159
서울,서초구,사망자수,1,1,2,1,2,1,2,2,2,1
서울,서초구,부상자수,237,111,192,107,231,140,255,164,305,221
서울,양천구,사고건수,73,43,103,48,104,50,100,50,116,88
서울,양천구,사망자수,2,2,1,1,1,1,0,2,2,0
서울,양천구,부상자수,105,55,140,61,146,64,140,72,146,119
서울,중랑구,사고건수,104,49,109,63,122,78,133,87,143,111
서울,중랑구,사망자수,1,0,2,0,0,1,0,1,1,1
서울,중랑구,부상자수,148,64,143,82,178,101,176,125,201,156
서울,노원구,사고건수,102,63,85,50,115,63,126,81,149,107
서울,노원구,사망자수,4,2,1,1,1,1,2,0,3,1
서울,노원구,부상자수,142,91,132,68,168,90,186,104,223,151
서울,광진구,사고건수,101,40,71,53,83,36,83,51,100,68
서울,광진구,사망자수,1,0,1,2,0,0,0,2,1,3
서울,광진구,부상자수,136,44,104,70,110,51,114,77,141,90
서울,강북구,사고건수,91,69,75,43,96,66,94,51,118,86
서울,강북구,사망자수,0,1,3,2,2,3,0,1,1,3
서울,강북구,부상자수,146,86,98,56,144,76,119,67,151,106
서울,금천구,사고건수,50,32,56,29,45,28,65,24,79,48
서울,금천구,사망자수,1,3,1,1,2,0,2,0,1,0
서울,금천구,부상자수,70,50,79,43,63,41,89,31,101,64
부산,중구,사고건수,30,15,22,15,16,12,37,21,36,27
부산,중구,사망자수,0,3,1,0,0,1,0,1,0,1
부산,중구,부상자수,43,19,37,19,24,12,46,26,50,37
부산,서구,사고건수,28,6,28,22,28,20,42,23,36,34
부산,서구,사망자수,0,1,2,0,0,0,0,1,0,1
부산,서구,부상자수,39,7,39,30,43,28,60,38,54,39
부산,동구,사고건수,48,9,37,25,45,23,62,28,61,40
부산,동구,사망자수,0,0,0,3,1,0,0,1,0,0
부산,동구,부상자수,66,11,49,30,64,32,75,42,82,52
부산,영도구,사고건수,25,7,25,16,24,26,32,20,51,19
부산,영도구,사망자수,0,0,1,1,1,0,0,0,0,1
부산,영도구,부상자수,35,10,34,23,35,30,36,28,61,27
부산,진구,사고건수,85,33,88,59,123,61,109,66,150,78
부산,진구,사망자수,1,0,4,1,3,1,5,2,3,1
부산,진구,부상자수,109,43,125,82,143,78,143,87,199,113
부산,동래구,사고건수,49,30,51,39,81,53,86,32,99,43
부산,동래구,사망자수,2,1,1,1,0,1,0,0,0,1
부산,동래구,부상자수,55,32,60,43,101,64,110,37,125,74
부산,남구,사고건수,55,18,60,40,49,35,58,57,68,55
부산,남구,사망자수,0,0,1,0,0,1,0,1,0,0
부산,남구,부상자수,71,23,79,50,66,42,72,70,90,73
부산,북구,사고건수,35,17,49,18,47,28,56,29,61,33
부산,북구,사망자수,1,0,0,0,0,2,2,2,0,0
부산,북구,부상자수,44,22,68,27,79,36,71,39,93,37
부산,해운대구,사고건수,62,29,68,52,74,44,82,47,81,51
부산,해운대구,사망자수,4,1,1,1,0,1,2,2,1,1
부산,해운대구,부상자수,94,46,105,60,108,56,123,53,113,67
부산,사하구,사고건수,57,34,61,37,55,44,73,42,80,41
부산,사하구,사망자수,0,1,3,0,1,1,0,2,0,0
부산,사하구,부상자수,109,40,91,81,70,63,96,52,110,63
부산,금정구,사고건수,53,42,72,28,68,33,69,34,67,49
부산,금정구,사망자수,2,1,1,0,2,1,1,0,1,0
부산,금정구,부상자수,66,56,107,42,102,53,103,47,98,61
부산,강서구,사고건수,26,18,28,17,24,13,36,20,45,26
부산,강서구,사망자수,2,2,0,1,2,0,1,2,0,1
부산,강서구,부상자수,45,35,52,28,39,19,58,24,56,39
부산,연제구,사고건수,46,25,36,19,47,20,56,22,59,36
부산,연제구,사망자수,0,0,0,0,2,0,1,1,3,0
부산,연제구,부상자수,67,39,50,22,57,22,65,29,77,46
부산,수영구,사고건수,43,23,50,27,49,20,47,28,61,36
부산,수영구,사망자수,1,0,0,2,0,0,1,0,0,0
부산,수영구,부상자수,59,28,62,38,64,25,56,32,97,46
부산,사상구,사고건수,56,20,64,25,72,42,69,32,71,46
부산,사상구,사망자수,2,0,0,1,1,1,3,3,2,0
부산,사상구,부상자수,71,25,96,28,107,59,83,47,97,64
부산,기장군,사고건수,29,16,21,25,32,16,30,23,36,20
부산,기장군,사망자수,2,0,0,0,1,0,1,1,0,2
부산,기장군,부상자수,55,18,39,40,45,44,50,33,58,31
대구,중구,사고건수,57,64,76,58,77,66,77,60,95,66
대구,중구,사망자수,1,3,2,2,0,3,0,0,1,1
대구,중구,부상자수,82,82,111,82,118,98,114,77,124,90
대구,동구,사고건수,102,67,119,77,129,93,128,97,166,121
대구,동구,사망자수,0,3,0,2,0,2,3,1,3,2
대구,동구,부상자수,146,87,159,116,183,130,187,126,228,160
대구,서구,사고건수,70,36,86,55,91,72,92,87,107,70
대구,서구,사망자수,1,1,0,0,1,2,2,2,1,1
대구,서구,부상자수,91,51,123,67,132,91,124,107,153,99
대구,남구,사고건수,65,53,58,42,55,55,78,57,70,52
대구,남구,사망자수,0,0,1,2,1,0,1,2,1,0
대구,남구,부상자수,87,65,75,54,79,67,96,82,102,69
대구,북구,사고건수,123,90,135,118,153,90,142,112,178,145
대구,북구,사망자수,2,1,2,1,3,2,1,4,1,4
대구,북구,부상자수,155,125,193,158,213,129,212,144,264,192
대구,수성구,사고건수,113,82,103,90,112,92,131,105,140,130
대구,수성구,사망자수,2,1,3,2,1,0,3,3,2,0
대구,수성구,부상자수,151,111,153,125,151,118,191,136,205,182
대구,달서구,사고건수,165,88,184,103,169,98,180,109,231,140
대구,달서구,사망자수,0,1,0,2,1,5,1,0,0,1
대구,달서구,부상자수,229,109,277,119,233,129,268,137,346,194
대구,달성군,사고건수,44,35,42,44,55,36,53,39,58,35
대구,달성군,사망자수,3,0,3,3,0,1,3,3,0,1
대구,달성군,부상자수,62,54,52,65,84,51,75,54,89,51
인천,중구,사고건수,11,14,24,9,17,19,19,14,34,20
인천,중구,사망자수,0,0,0,0,0,0,0,0,1,1
인천,중구,부상자수,15,21,38,9,28,26,26,25,48,25
인천,동구,사고건수,10,4,9,9,5,4,9,4,14,4
인천,동구,사망자수,0,1,0,1,0,0,0,0,0,1
인천,동구,부상자수,13,6,15,9,6,5,10,6,20,4
인천,남구,사고건수,51,34,67,46,75,38,73,39,80,47
인천,남구,사망자수,0,0,1,1,1,0,3,1,0,1
인천,남구,부상자수,75,48,98,68,93,50,87,60,117,58
인천,부평구,사고건수,54,24,67,27,65,36,72,22,74,32
인천,부평구,사망자수,1,1,0,0,0,1,0,0,0,0
인천,부평구,부상자수,66,35,85,42,84,49,129,32,107,42
인천,남동구,사고건수,84,33,100,52,106,53,96,49,114,58
인천,남동구,사망자수,1,1,2,1,3,2,2,1,1,0
인천,남동구,부상자수,128,45,162,90,166,90,157,71,179,85
인천,서구,사고건수,46,25,58,20,79,27,71,42,59,37
인천,서구,사망자수,2,3,2,2,1,1,2,2,1,1
인천,서구,부상자수,58,33,78,31,143,41,96,60,87,61
인천,연수구,사고건수,21,13,28,19,26,17,33,15,35,20
인천,연수구,사망자수,1,0,0,0,0,0,0,0,0,0
인천,연수구,부상자수,25,20,43,28,42,28,42,25,53,23
인천,계양구,사고건수,38,18,44,17,38,25,25,28,48,20
인천,계양구,사망자수,1,1,0,2,1,1,1,1,1,0
인천,계양구,부상자수,48,31,63,18,49,32,30,33,62,26
인천,강화군,사고건수,11,16,17,23,15,18,21,17,22,19
인천,강화군,사망자수,0,0,0,1,1,3,1,1,0,3
인천,강화군,부상자수,14,33,26,28,20,18,25,29,38,21
인천,옹진군,사고건수,-,2,5,2,1,4,1,3,2,3
인천,옹진군,사망자수,-,0,0,1,0,1,0,0,1,0
인천,옹진군,부상자수,-,3,6,2,1,13,1,6,1,4
광주,동구,사고건수,43,42,40,43,33,26,45,37,41,27
광주,동구,사망자수,0,1,1,2,2,0,1,2,0,0
광주,동구,부상자수,70,52,59,70,43,34,77,61,64,44
광주,서구,사고건수,86,45,95,66,118,61,132,59,132,86
광주,서구,사망자수,0,0,1,2,1,0,2,2,1,0
광주,서구,부상자수,132,82,149,105,175,95,204,82,208,137
광주,북구,사고건수,126,78,119,71,130,98,149,123,189,116
광주,북구,사망자수,1,3,1,2,1,1,4,1,4,1
광주,북구,부상자수,190,106,200,101,211,143,237,187,282,184
광주,광산구,사고건수,74,50,69,62,88,40,82,63,125,80
광주,광산구,사망자수,0,1,2,2,4,1,3,3,2,6
광주,광산구,부상자수,147,81,114,90,137,61,105,87,200,117
광주,남구,사고건수,54,37,53,26,64,36,64,46,77,41
광주,남구,사망자수,2,2,2,0,1,1,2,0,1,0
광주,남구,부상자수,88,56,82,33,113,47,127,80,115,74
대전,동구,사고건수,52,36,74,53,75,42,86,68,103,85
대전,동구,사망자수,1,1,4,2,3,2,0,3,2,2
대전,동구,부상자수,71,42,110,68,125,50,129,101,143,110
대전,중구,사고건수,77,36,69,42,83,76,107,73,90,81
대전,중구,사망자수,1,3,2,1,2,1,1,0,1,1
대전,중구,부상자수,109,50,111,64,133,111,173,96,130,124
대전,서구,사고건수,79,38,87,58,115,58,123,89,145,87
대전,서구,사망자수,2,0,0,0,1,0,0,1,0,1
대전,서구,부상자수,125,58,140,97,185,84,176,152,206,120
대전,유성구,사고건수,40,23,64,33,95,61,108,63,140,58
대전,유성구,사망자수,1,2,1,0,2,2,2,0,2,0
대전,유성구,부상자수,65,34,90,61,162,89,187,106,220,94
대전,대덕구,사고건수,24,11,54,14,57,38,64,38,53,32
대전,대덕구,사망자수,1,0,1,0,3,6,0,0,1,1
대전,대덕구,부상자수,43,16,76,19,77,83,95,59,61,37
울산,중구,사고건수,44,31,55,41,55,40,54,47,60,54
울산,중구,사망자수,1,1,2,0,0,0,1,0,1,0
울산,중구,부상자수,62,37,84,59,78,51,73,73,71,67
울산,남구,사고건수,65,30,66,40,62,40,69,41,81,52
울산,남구,사망자수,1,1,2,3,1,1,1,1,1,1
울산,남구,부상자수,116,41,103,49,81,58,109,52,110,75
울산,동구,사고건수,31,9,20,13,16,16,23,19,28,23
울산,동구,사망자수,0,0,1,0,0,0,0,0,0,0
울산,동구,부상자수,43,11,26,14,19,19,31,24,33,25
울산,북구,사고건수,23,18,27,20,33,22,25,18,46,18
울산,북구,사망자수,1,1,1,0,0,0,2,0,0,1
울산,북구,부상자수,33,23,50,28,68,29,47,22,65,24
울산,울주군,사고건수,37,32,55,43,38,34,70,45,47,39
울산,울주군,사망자수,0,4,4,2,3,2,1,0,3,1
울산,울주군,부상자수,55,55,84,64,56,60,115,69,86,54
세종,세종,사고건수,13,27,18,28,17,19,33,22,51,39
세종,세종,사망자수,2,2,1,6,0,4,0,1,2,5
세종,세종,부상자수,17,37,31,30,22,24,45,26,68,43
경기,수원시,사고건수,181,91,178,124,206,146,256,160,260,161
경기,수원시,사망자수,1,2,3,2,3,0,1,1,5,2
경기,수원시,부상자수,252,138,258,178,281,203,380,226,359,197
경기,성남시,사고건수,129,84,162,97,197,111,210,127,234,168
경기,성남시,사망자수,3,1,1,0,2,1,5,0,0,1
경기,성남시,부상자수,169,113,231,139,294,163,305,182,366,252
경기,의정부시,사고건수,70,56,100,52,90,40,92,59,123,73
경기,의정부시,사망자수,3,0,0,3,0,1,4,0,1,2
경기,의정부시,부상자수,93,66,154,80,142,54,146,92,211,105
경기,안양시,사고건수,73,50,104,55,102,55,119,55,108,72
경기,안양시,사망자수,2,2,0,2,3,0,0,1,0,3
경기,안양시,부상자수,102,67,152,81,154,78,155,91,157,118
경기,부천시,사고건수,103,56,171,83,149,89,157,108,202,105
경기,부천시,사망자수,1,2,7,2,0,2,4,1,5,2
경기,부천시,부상자수,130,68,255,128,213,112,198,145,265,127
경기,안산시,사고건수,99,46,111,76,118,97,142,91,168,122
경기,안산시,사망자수,1,0,6,4,0,2,2,3,1,2
경기,안산시,부상자수,147,77,149,100,165,141,208,112,276,205
경기,평택시,사고건수,117,55,125,114,122,100,146,123,184,142
경기,평택시,사망자수,4,2,3,8,2,5,3,6,1,2
경기,평택시,부상자수,201,79,233,170,194,138,225,161,301,214
경기,광명시,사고건수,35,21,70,35,67,36,65,30,78,46
경기,광명시,사망자수,0,2,1,0,1,1,0,0,2,0
경기,광명시,부상자수,55,27,106,54,97,51,84,47,119,57
경기,구리시,사고건수,25,18,31,23,39,23,36,35,36,36
경기,구리시,사망자수,0,1,0,0,0,1,1,1,0,1
경기,구리시,부상자수,39,23,55,30,60,38,52,47,46,50
경기,양주시,사고건수,50,29,54,43,60,45,67,48,62,72
경기,양주시,사망자수,2,1,2,2,2,1,0,1,2,2
경기,양주시,부상자수,81,43,84,62,84,62,99,71,85,107
경기,여주시,사고건수,24,33,22,38,40,56,34,39,45,47
경기,여주시,사망자수,1,1,0,1,1,3,1,2,1,4
경기,여주시,부상자수,38,45,35,52,66,70,65,47,61,64
경기,화성시,사고건수,101,60,99,53,109,76,136,99,154,91
경기,화성시,사망자수,4,5,0,3,3,3,2,8,6,3
경기,화성시,부상자수,150,107,160,69,184,116,235,144,263,131
경기,시흥시,사고건수,63,34,91,54,86,45,96,51,125,70
경기,시흥시,사망자수,0,3,2,1,1,1,2,0,2,0
경기,시흥시,부상자수,121,41,141,82,121,65,138,81,200,102
경기,파주시,사고건수,81,56,82,68,76,60,97,68,98,118
경기,파주시,사망자수,1,3,1,3,0,3,1,4,0,0
경기,파주시,부상자수,109,73,131,99,121,83,133,98,162,164
경기,고양시,사고건수,178,106,184,148,164,134,180,148,239,192
경기,고양시,사망자수,3,1,5,2,3,2,3,1,1,4
경기,고양시,부상자수,297,173,288,197,211,202,259,209,363,287
경기,광주시,사고건수,55,36,63,47,74,57,77,49,121,79
경기,광주시,사망자수,2,2,2,1,5,4,3,1,4,2
경기,광주시,부상자수,82,53,77,72,104,86,108,98,186,124
경기,연천군,사고건수,22,11,24,21,28,13,15,31,27,25
경기,연천군,사망자수,1,0,2,1,0,2,0,1,1,1
경기,연천군,부상자수,39,18,40,33,55,18,32,47,40,38
경기,포천시,사고건수,54,45,76,38,60,38,54,59,65,63
경기,포천시,사망자수,4,5,4,0,3,2,4,0,1,1
경기,포천시,부상자수,94,77,136,81,101,53,108,98,122,109
경기,가평군,사고건수,28,17,19,25,29,22,29,27,27,34
경기,가평군,사망자수,1,5,0,0,3,1,3,1,2,2
경기,가평군,부상자수,66,13,42,35,53,26,60,65,41,55
경기,양평군,사고건수,21,30,48,47,48,38,44,50,48,58
경기,양평군,사망자수,0,10,2,7,2,2,2,4,1,4
경기,양평군,부상자수,28,26,74,73,83,52,69,69,65,87
경기,이천시,사고건수,34,34,39,46,42,48,57,47,78,63
경기,이천시,사망자수,2,2,2,3,0,7,4,6,2,2
경기,이천시,부상자수,63,65,60,82,76,60,82,73,120,93
경기,용인시,사고건수,106,78,151,111,142,119,166,153,182,159
경기,용인시,사망자수,2,0,3,1,3,2,5,7,3,3
경기,용인시,부상자수,157,98,250,163,293,182,260,257,280,222
경기,안성시,사고건수,40,51,50,61,44,59,61,54,81,60
경기,안성시,사망자수,1,1,4,3,2,0,2,1,1,1
경기,안성시,부상자수,79,85,73,103,78,93,97,90,124,84
경기,김포시,사고건수,70,44,81,72,86,75,103,66,97,113
경기,김포시,사망자수,0,1,2,1,1,3,2,3,3,1
경기,김포시,부상자수,109,60,123,106,127,120,145,82,165,173
경기,동두천시,사고건수,27,22,29,28,20,27,30,21,31,31
경기,동두천시,사망자수,2,1,0,0,0,0,1,1,2,1
경기,동두천시,부상자수,36,29,52,38,30,34,39,41,40,41
경기,과천시,사고건수,8,6,12,6,7,10,14,11,16,15
경기,과천시,사망자수,0,0,0,0,0,0,0,0,0,0
경기,과천시,부상자수,11,7,15,9,13,11,30,19,31,21
경기,군포시,사고건수,37,26,44,22,36,21,39,36,37,31
경기,군포시,사망자수,0,2,0,3,0,0,3,0,0,0
경기,군포시,부상자수,47,39,62,32,54,37,52,55,51,40
경기,남양주시,사고건수,92,49,99,78,122,103,140,98,180,114
경기,남양주시,사망자수,4,0,0,4,4,4,1,6,9,4
경기,남양주시,부상자수,151,79,148,114,231,169,206,145,286,177
경기,오산시,사고건수,24,18,27,18,30,23,41,24,54,31
경기,오산시,사망자수,0,2,1,0,1,0,1,2,1,0
경기,오산시,부상자수,44,21,32,19,42,36,90,39,79,39
경기,의왕시,사고건수,20,14,25,19,34,23,23,15,32,16
경기,의왕시,사망자수,0,0,0,0,0,0,0,0,0,1
경기,의왕시,부상자수,25,15,36,23,53,27,33,22,46,24
경기,하남시,사고건수,41,31,51,36,49,20,55,32,87,44
경기,하남시,사망자수,0,1,1,2,0,0,2,2,4,0
경기,하남시,부상자수,90,35,80,46,67,30,74,41,137,61
강원,춘천시,사고건수,107,93,105,105,122,112,101,112,100,111
강원,춘천시,사망자수,4,4,2,4,0,3,0,3,1,5
강원,춘천시,부상자수,155,148,193,158,203,177,149,155,162,164
강원,원주시,사고건수,92,92,97,106,104,121,133,118,133,111
강원,원주시,사망자수,4,2,4,5,1,2,3,5,1,0
강원,원주시,부상자수,161,144,163,187,158,193,245,183,255,180
강원,동해시,사고건수,30,30,51,23,33,29,27,35,34,32
강원,동해시,사망자수,1,1,2,0,0,1,0,1,0,1
강원,동해시,부상자수,50,46,86,36,60,45,37,43,47,42
강원,강릉시,사고건수,72,56,70,62,65,64,67,72,81,86
강원,강릉시,사망자수,2,3,1,4,2,0,3,2,2,6
강원,강릉시,부상자수,100,78,110,86,125,93,97,107,123,125
강원,속초시,사고건수,21,21,29,26,28,26,27,25,26,34
강원,속초시,사망자수,0,0,0,0,1,3,0,1,1,0
강원,속초시,부상자수,28,28,56,44,47,31,46,40,43,58
강원,태백시,사고건수,17,8,19,19,28,22,20,15,21,19
강원,태백시,사망자수,2,0,2,0,0,0,0,0,3,1
강원,태백시,부상자수,28,16,22,35,52,34,30,23,31,25
강원,삼척시,사고건수,32,19,28,36,34,43,32,40,41,46
강원,삼척시,사망자수,2,1,0,0,1,1,0,3,1,2
강원,삼척시,부상자수,48,33,53,75,51,83,49,69,63,66
강원,홍천군,사고건수,24,19,29,15,27,36,31,27,32,36
강원,홍천군,사망자수,1,2,2,2,1,2,3,2,0,4
강원,홍천군,부상자수,40,30,42,23,31,54,47,36,46,53
강원,횡성군,사고건수,12,12,14,21,20,23,15,15,14,17
강원,횡성군,사망자수,0,2,1,3,0,1,1,0,1,4
강원,횡성군,부상자수,28,15,24,35,36,32,41,27,26,15
강원,영월군,사고건수,17,11,10,15,12,22,16,17,21,24
강원,영월군,사망자수,2,0,2,1,1,2,0,0,2,2
강원,영월군,부상자수,20,17,13,24,22,34,22,28,41,40
강원,평창군,사고건수,16,17,7,12,15,28,21,27,8,28
강원,평창군,사망자수,0,4,1,0,0,0,1,4,1,1
강원,평창군,부상자수,34,47,12,19,29,48,54,52,18,46
강원,정선군,사고건수,11,6,20,3,7,14,16,8,12,8
강원,정선군,사망자수,1,0,1,0,0,5,0,1,1,2
강원,정선군,부상자수,17,8,38,4,11,25,27,9,21,12
강원,철원군,사고건수,9,12,15,18,13,18,11,20,14,16
강원,철원군,사망자수,2,1,0,2,0,1,0,3,0,1
강원,철원군,부상자수,12,17,21,33,22,27,15,26,24,21
강원,화천군,사고건수,4,5,3,5,4,10,5,11,8,5
강원,화천군,사망자수,1,1,0,1,0,2,0,0,0,1
강원,화천군,부상자수,3,11,3,7,4,11,8,17,10,5
강원,양구군,사고건수,5,5,4,6,2,7,10,13,4,8
강원,양구군,사망자수,2,0,0,0,0,0,1,0,1,2
강원,양구군,부상자수,7,19,7,7,3,11,14,23,5,10
강원,인제군,사고건수,3,8,7,10,15,11,6,14,2,10
강원,인제군,사망자수,1,0,0,2,0,1,0,2,0,1
강원,인제군,부상자수,5,18,33,20,24,16,10,26,5,15
강원,고성군,사고건수,12,7,11,21,15,10,10,6,13,15
강원,고성군,사망자수,1,1,1,4,1,0,0,0,2,3
강원,고성군,부상자수,20,6,20,29,23,22,16,7,21,26
강원,양양군,사고건수,13,8,26,14,9,10,16,13,18,13
강원,양양군,사망자수,0,0,2,0,0,1,0,1,1,2
강원,양양군,부상자수,37,14,39,24,10,17,25,22,23,24
충북,청주시,사고건수,169,142,210,176,225,218,305,212,336,289
충북,청주시,사망자수,5,3,3,5,1,4,7,4,8,9
충북,청주시,부상자수,271,231,321,267,371,308,474,306,567,464
충북,충주시,사고건수,80,74,78,94,86,90,90,99,86,96
충북,충주시,사망자수,2,7,14,6,5,8,4,3,8,2
충북,충주시,부상자수,125,111,121,139,124,162,128,142,144,140
충북,제천시,사고건수,56,53,50,56,67,78,70,74,74,92
충북,제천시,사망자수,2,2,1,2,2,2,0,1,3,3
충북,제천시,부상자수,97,86,94,85,120,128,119,116,124,172
충북,청원군,사고건수,17,22,-,-,-,-,-,-,-,-
충북,청원군,사망자수,3,2,-,-,-,-,-,-,-,-
충북,청원군,부상자수,16,31,-,-,-,-,-,-,-,-
충북,보은군,사고건수,10,21,7,17,11,20,16,17,18,29
충북,보은군,사망자수,0,5,0,2,0,2,3,3,0,0
충북,보은군,부상자수,13,20,12,25,27,26,26,20,28,40
충북,옥천군,사고건수,13,21,20,29,24,25,30,26,26,30
충북,옥천군,사망자수,2,2,1,3,0,1,1,2,1,1
충북,옥천군,부상자수,23,27,26,41,34,32,43,36,42,38
충북,영동군,사고건수,15,22,17,20,25,14,20,23,21,23
충북,영동군,사망자수,1,4,3,0,3,1,0,2,0,3
충북,영동군,부상자수,20,31,16,29,35,16,28,32,23,26
충북,진천군,사고건수,14,20,25,26,23,32,33,30,33,35
충북,진천군,사망자수,0,1,1,0,1,4,1,0,1,1
충북,진천군,부상자수,17,28,39,38,30,40,57,43,49,44
충북,괴산군,사고건수,11,21,16,16,13,27,18,15,19,42
충북,괴산군,사망자수,1,1,1,5,1,2,3,0,1,5
충북,괴산군,부상자수,13,28,37,17,15,34,24,29,34,59
충북,음성군,사고건수,26,35,35,30,36,39,39,36,63,50
충북,음성군,사망자수,1,3,5,3,1,5,4,4,1,0
충북,음성군,부상자수,41,64,55,45,59,63,63,54,98,95
충북,단양군,사고건수,18,10,12,15,6,12,16,14,11,15
충북,단양군,사망자수,1,0,2,0,0,1,0,0,0,1
충북,단양군,부상자수,39,20,14,21,14,21,27,20,13,22
충북,증평군,사고건수,16,14,13,19,18,18,11,10,20,16
충북,증평군,사망자수,1,0,0,2,0,0,0,0,0,0
충북,증평군,부상자수,26,20,22,23,27,26,18,20,35,22
충남,천안시,사고건수,84,54,86,61,91,90,123,91,129,116
충남,천안시,사망자수,2,3,4,6,0,4,4,4,4,6
충남,천안시,부상자수,117,76,160,71,142,124,158,123,191,152
충남,아산시,사고건수,26,24,47,34,57,55,53,47,47,34
충남,아산시,사망자수,2,4,4,1,1,4,4,7,4,4
충남,아산시,부상자수,45,32,64,42,70,60,79,62,63,43
충남,보령시,사고건수,30,23,38,51,32,42,43,41,31,26
충남,보령시,사망자수,3,3,1,6,3,4,1,6,0,1
충남,보령시,부상자수,47,25,63,67,56,57,59,51,44,42
충남,공주시,사고건수,22,25,23,33,31,33,52,49,54,61
충남,공주시,사망자수,1,4,2,3,1,3,1,1,2,5
충남,공주시,부상자수,24,29,33,35,53,38,106,83,99,83
충남,서산시,사고건수,33,46,38,44,34,66,49,57,67,77
충남,서산시,사망자수,1,3,1,6,2,6,3,4,2,7
충남,서산시,부상자수,47,51,65,51,41,87,75,63,108,103
충남,금산군,사고건수,16,32,20,24,24,32,18,25,19,24
충남,금산군,사망자수,0,2,2,3,2,2,0,2,0,5
충남,금산군,부상자수,26,45,33,35,33,43,24,32,32,32
충남,태안군,사고건수,24,36,33,22,35,27,45,42,27,51
충남,태안군,사망자수,3,1,1,3,3,1,0,3,0,7
충남,태안군,부상자수,28,40,51,26,48,31,78,58,55,79
충남,논산시,사고건수,42,44,48,55,48,49,47,66,37,49
충남,논산시,사망자수,2,2,1,4,4,2,3,6,4,4
충남,논산시,부상자수,63,75,78,70,81,77,63,89,56,62
충남,부여군,사고건수,23,44,32,29,18,19,24,30,23,31
충남,부여군,사망자수,3,2,0,2,2,7,1,1,1,6
충남,부여군,부상자수,24,53,46,38,21,16,29,42,44,28
충남,서천군,사고건수,28,55,30,54,65,44,53,47,35,59
충남,서천군,사망자수,1,6,1,4,1,5,3,2,3,2
충남,서천군,부상자수,47,65,50,79,107,64,79,75,51,82
충남,청양군,사고건수,15,28,20,28,10,30,13,35,18,31
충남,청양군,사망자수,1,0,1,1,1,4,0,1,3,4
충남,청양군,부상자수,20,47,34,47,11,32,30,44,33,35
충남,홍성군,사고건수,35,38,29,40,38,44,35,46,31,28
충남,홍성군,사망자수,4,6,7,3,1,5,2,4,7,2
충남,홍성군,부상자수,50,47,37,58,67,57,55,66,52,37
충남,예산군,사고건수,49,36,38,37,30,28,36,68,40,69
충남,예산군,사망자수,2,2,1,0,4,3,0,4,3,5
충남,예산군,부상자수,85,61,73,51,32,35,67,99,52,94
충남,당진시,사고건수,31,23,52,55,43,60,60,51,56,59
충남,당진시,사망자수,1,5,1,1,1,4,1,3,3,6
충남,당진시,부상자수,36,26,83,71,51,79,104,69,90,84
충남,계룡시,사고건수,4,6,3,3,9,5,6,5,5,5
충남,계룡시,사망자수,1,0,0,0,0,0,0,0,0,0
충남,계룡시,부상자수,7,12,3,4,13,6,10,7,11,9
전북,전주시,사고건수,140,90,146,107,146,90,139,107,171,119
전북,전주시,사망자수,4,2,1,10,4,6,5,4,4,4
전북,전주시,부상자수,225,124,230,172,259,121,213,161,252,168
전북,군산시,사고건수,121,92,138,96,111,86,115,95,110,66
전북,군산시,사망자수,5,4,2,6,4,1,2,1,3,2
전북,군산시,부상자수,197,117,226,127,184,118,159,117,160,89
전북,정읍시,사고건수,61,55,41,70,55,72,72,84,64,103
전북,정읍시,사망자수,6,3,4,5,2,6,5,4,1,4
전북,정읍시,부상자수,81,64,56,88,100,114,111,117,93,145
전북,남원시,사고건수,28,44,27,29,34,34,30,35,33,50
전북,남원시,사망자수,1,6,6,4,7,2,2,7,5,10
전북,남원시,부상자수,46,64,45,33,44,40,44,39,43,48
전북,김제시,사고건수,29,37,41,38,45,50,57,57,48,45
전북,김제시,사망자수,1,2,1,5,2,2,5,5,4,5
전북,김제시,부상자수,42,55,66,51,72,77,99,78,76,56
전북,완주군,사고건수,27,23,36,25,32,35,15,16,23,18
전북,완주군,사망자수,1,8,2,2,3,2,1,5,3,2
전북,완주군,부상자수,47,30,63,45,51,49,21,18,44,35
전북,진안군,사고건수,10,19,10,17,12,14,2,11,7,12
전북,진안군,사망자수,0,1,0,1,0,0,0,3,0,1
전북,진안군,부상자수,14,24,21,25,31,23,6,10,9,17
전북,무주군,사고건수,6,10,6,8,8,17,14,20,14,16
전북,무주군,사망자수,1,4,1,2,0,1,1,3,1,5
전북,무주군,부상자수,6,6,9,9,9,27,24,25,25,15
전북,장수군,사고건수,13,9,5,4,4,10,9,8,7,12
전북,장수군,사망자수,1,0,0,0,0,2,0,4,0,0
전북,장수군,부상자수,25,10,8,8,7,10,13,4,11,18
전북,임실군,사고건수,9,8,20,9,18,8,13,8,8,10
전북,임실군,사망자수,1,1,1,2,0,2,2,1,0,1
전북,임실군,부상자수,10,11,27,16,30,10,17,15,14,17
전북,순창군,사고건수,17,22,12,30,17,20,21,26,11,20
전북,순창군,사망자수,1,1,0,5,1,4,2,2,0,1
전북,순창군,부상자수,28,35,20,42,25,25,25,35,16,19
전북,고창군,사고건수,19,35,23,26,28,23,17,17,14,15
전북,고창군,사망자수,1,1,3,5,3,1,1,1,2,6
전북,고창군,부상자수,30,43,36,36,42,29,28,24,21,18
전북,부안군,사고건수,24,39,45,56,42,50,47,62,32,55
전북,부안군,사망자수,2,4,3,4,2,5,3,4,1,1
전북,부안군,부상자수,46,49,77,101,79,82,81,83,49,80
전북,익산시,사고건수,117,77,95,86,109,83,98,80,82,88
전북,익산시,사망자수,6,3,1,3,1,3,5,4,2,6
전북,익산시,부상자수,199,106,139,116,164,106,150,110,124,131
전남,목포시,사고건수,80,51,105,56,91,44,96,85,109,108
전남,목포시,사망자수,1,2,1,2,1,1,3,0,1,2
전남,목포시,부상자수,127,96,186,87,145,74,152,131,180,182
전남,여수시,사고건수,65,47,97,41,98,44,119,65,121,78
전남,여수시,사망자수,5,5,4,2,3,5,6,7,4,1
전남,여수시,부상자수,91,55,149,60,145,48,162,97,171,106
전남,순천시,사고건수,80,64,88,74,87,71,119,83,87,100
전남,순천시,사망자수,3,3,3,3,4,1,4,5,0,5
전남,순천시,부상자수,129,83,147,103,128,101,195,117,131,139
전남,나주시,사고건수,49,59,46,59,60,50,46,55,63,68
전남,나주시,사망자수,3,5,7,1,3,4,3,4,4,7
전남,나주시,부상자수,101,76,71,92,102,93,79,79,123,92
전남,광양시,사고건수,33,30,48,39,37,42,41,31,41,39
전남,광양시,사망자수,0,3,2,1,0,5,2,0,4,1
전남,광양시,부상자수,42,38,61,57,60,60,63,48,56,61
전남,담양군,사고건수,19,28,39,39,20,34,28,33,39,40
전남,담양군,사망자수,2,0,2,3,2,5,0,4,3,2
전남,담양군,부상자수,26,41,68,80,35,58,50,42,64,50
전남,곡성군,사고건수,18,11,16,16,15,16,12,31,20,25
전남,곡성군,사망자수,0,1,0,0,1,4,1,4,0,1
전남,곡성군,부상자수,30,11,29,21,21,21,18,49,30,28
전남,구례군,사고건수,10,17,11,20,11,28,12,24,11,17
전남,구례군,사망자수,0,1,0,2,1,4,0,0,2,2
전남,구례군,부상자수,14,19,21,26,16,36,22,30,12,19
전남,고흥군,사고건수,35,40,30,30,31,44,37,47,31,55
전남,고흥군,사망자수,2,9,3,0,2,1,1,4,2,3
전남,고흥군,부상자수,46,49,52,41,36,56,49,72,35,74
전남,보성군,사고건수,27,34,17,38,28,31,29,37,46,43
전남,보성군,사망자수,0,3,0,4,2,0,1,7,0,3
전남,보성군,부상자수,48,46,36,50,47,39,31,46,75,61
전남,화순군,사고건수,21,26,24,33,22,29,22,28,26,38
전남,화순군,사망자수,1,1,1,5,0,4,3,0,1,1
전남,화순군,부상자수,45,35,40,48,45,42,29,47,49,68
전남,장흥군,사고건수,25,30,30,36,32,31,31,39,38,43
전남,장흥군,사망자수,1,4,1,1,2,4,2,4,1,3
전남,장흥군,부상자수,43,34,44,53,53,48,46,44,60,57
전남,강진군,사고건수,31,30,17,38,25,48,41,43,31,46
전남,강진군,사망자수,1,2,1,2,0,3,2,1,1,2
전남,강진군,부상자수,52,40,24,48,41,70,64,73,57,79
전남,해남군,사고건수,30,41,36,36,36,57,36,52,34,59
전남,해남군,사망자수,4,7,1,5,3,7,3,7,2,7
전남,해남군,부상자수,61,55,63,48,64,90,69,68,60,66
전남,영암군,사고건수,32,43,45,44,40,44,30,51,51,49
전남,영암군,사망자수,5,4,4,2,4,3,1,2,0,11
전남,영암군,부상자수,66,59,82,83,66,69,45,83,96,77
전남,무안군,사고건수,56,30,38,34,39,43,40,39,33,36
전남,무안군,사망자수,1,4,0,1,0,1,5,2,2,1
전남,무안군,부상자수,110,46,65,42,72,78,54,62,45,57
전남,함평군,사고건수,10,23,18,18,18,24,22,32,15,44
전남,함평군,사망자수,0,1,2,1,1,3,1,2,2,1
전남,함평군,부상자수,25,40,49,22,42,45,42,48,25,63
전남,영광군,사고건수,28,34,27,33,32,42,27,41,24,41
전남,영광군,사망자수,4,3,4,6,0,6,1,2,2,1
전남,영광군,부상자수,36,44,42,43,61,71,40,57,31,63
전남,장성군,사고건수,23,20,25,15,16,23,35,33,22,23
전남,장성군,사망자수,0,1,1,0,0,1,3,1,1,2
전남,장성군,부상자수,49,39,37,25,34,37,49,46,33,49
전남,완도군,사고건수,8,10,15,22,19,28,21,18,18,20
전남,완도군,사망자수,0,1,1,1,1,9,1,0,1,4
전남,완도군,부상자수,9,16,18,29,27,29,29,25,24,26
전남,진도군,사고건수,13,11,15,16,9,16,18,18,16,25
전남,진도군,사망자수,1,1,0,3,1,0,1,3,0,2
전남,진도군,부상자수,24,12,22,20,10,23,28,26,30,39
전남,신안군,사고건수,8,9,8,14,10,18,12,15,6,18
전남,신안군,사망자수,2,3,0,2,0,3,0,2,2,3
전남,신안군,부상자수,8,9,9,16,14,25,23,14,6,20
경북,포항시,사고건수,164,99,166,112,225,140,232,133,275,182
경북,포항시,사망자수,2,6,3,5,5,3,3,6,7,9
경북,포항시,부상자수,261,151,225,154,348,191,339,201,383,245
경북,경주시,사고건수,124,113,128,129,125,115,154,132,165,134
경북,경주시,사망자수,3,7,2,6,4,4,1,8,5,6
경북,경주시,부상자수,204,153,181,215,184,160,249,161,228,185
경북,김천시,사고건수,38,44,40,55,48,49,50,65,57,53
경북,김천시,사망자수,2,1,2,7,2,3,0,4,2,4
경북,김천시,부상자수,67,57,62,62,67,58,81,81,82,72
경북,안동시,사고건수,63,76,81,83,86,86,72,87,102,106
경북,안동시,사망자수,1,5,2,9,4,6,3,8,4,6
경북,안동시,부상자수,88,114,106,109,130,120,100,118,159,138
경북,구미시,사고건수,47,60,54,65,72,52,89,61,88,75
경북,구미시,사망자수,1,10,2,3,1,4,1,3,2,2
경북,구미시,부상자수,77,65,76,73,108,69,138,86,120,100
경북,영주시,사고건수,35,49,51,63,61,44,47,60,50,67
경북,영주시,사망자수,0,0,0,0,3,2,1,3,1,2
경북,영주시,부상자수,52,82,70,87,79,71,62,86,82,96
경북,영천시,사고건수,49,51,59,70,47,68,68,56,86,87
경북,영천시,사망자수,1,1,1,3,5,3,2,3,1,2
경북,영천시,부상자수,73,64,88,92,76,88,123,76,132,147
경북,문경시,사고건수,29,41,39,47,44,58,48,59,57,49
경북,문경시,사망자수,1,3,1,2,2,4,2,1,2,2
경북,문경시,부상자수,48,56,50,68,73,87,79,79,94,66
경북,상주시,사고건수,33,54,45,77,55,60,57,69,63,81
경북,상주시,사망자수,1,4,3,1,0,4,8,4,3,6
경북,상주시,부상자수,50,62,56,107,85,80,74,80,84,96
경북,군위군,사고건수,13,16,14,15,11,15,9,13,13,17
경북,군위군,사망자수,0,3,0,0,2,3,1,2,0,1
경북,군위군,부상자수,14,19,18,21,16,13,13,16,20,28
경북,의성군,사고건수,23,38,24,43,24,32,25,36,28,56
경북,의성군,사망자수,1,1,1,1,4,2,3,2,1,4
경북,의성군,부상자수,27,40,41,69,28,45,39,49,37,78
경북,청송군,사고건수,10,19,10,6,8,19,10,15,18,17
경북,청송군,사망자수,2,2,0,1,0,2,1,1,2,5
경북,청송군,부상자수,14,31,15,8,12,26,20,28,19,32
경북,영양군,사고건수,5,10,8,12,11,14,5,10,8,11
경북,영양군,사망자수,0,0,0,1,0,0,0,1,0,0
경북,영양군,부상자수,14,13,19,12,22,19,7,20,8,19
경북,영덕군,사고건수,18,18,32,28,21,32,33,30,26,32
경북,영덕군,사망자수,1,0,1,4,0,2,1,3,1,3
경북,영덕군,부상자수,58,30,56,53,40,55,51,39,35,43
경북,청도군,사고건수,25,29,33,26,12,23,22,30,32,28
경북,청도군,사망자수,2,2,1,2,0,4,2,4,1,3
경북,청도군,부상자수,38,41,68,38,21,26,33,47,53,39
경북,고령군,사고건수,13,26,17,22,20,17,18,26,21,25
경북,고령군,사망자수,0,1,1,1,0,4,1,2,0,3
경북,고령군,부상자수,25,32,28,37,23,15,24,30,29,46
경북,성주군,사고건수,23,28,19,16,22,29,28,34,25,37
경북,성주군,사망자수,1,1,1,4,1,4,2,5,2,1
경북,성주군,부상자수,32,46,26,25,31,39,35,47,36,54
경북,칠곡군,사고건수,33,31,43,26,41,36,46,60,56,46
경북,칠곡군,사망자수,1,1,3,2,0,4,1,2,2,1
경북,칠곡군,부상자수,46,46,76,47,74,67,67,81,92,60
경북,예천군,사고건수,17,23,24,28,17,32,21,22,22,31
경북,예천군,사망자수,1,2,2,2,2,5,1,3,1,4
경북,예천군,부상자수,25,29,26,29,21,35,31,25,28,39
경북,봉화군,사고건수,14,30,22,20,22,22,19,16,18,23
경북,봉화군,사망자수,2,5,0,1,1,1,3,0,0,0
경북,봉화군,부상자수,20,39,41,39,36,29,35,24,32,37
경북,울진군,사고건수,21,11,21,27,21,20,17,16,19,12
경북,울진군,사망자수,1,2,1,3,0,0,2,1,0,0
경북,울진군,부상자수,33,11,29,27,25,25,23,18,24,14
경북,울릉군,사고건수,2,3,2,1,2,4,1,5,2,1
경북,울릉군,사망자수,0,2,0,0,0,1,0,0,0,1
경북,울릉군,부상자수,12,1,4,3,5,3,4,13,7,0
경북,경산시,사고건수,71,58,79,67,58,84,72,69,58,66
경북,경산시,사망자수,1,1,0,4,2,0,2,5,2,6
경북,경산시,부상자수,105,82,108,97,68,107,94,80,82,94
경남,진주시,사고건수,53,48,66,44,51,55,47,53,67,54
경남,진주시,사망자수,1,4,8,3,0,3,4,3,2,3
경남,진주시,부상자수,75,54,83,58,61,72,57,61,89,68
경남,통영시,사고건수,26,24,50,20,60,20,60,19,59,43
경남,통영시,사망자수,1,2,1,1,2,0,0,0,1,1
경남,통영시,부상자수,31,32,82,31,86,25,76,26,72,65
경남,김해시,사고건수,78,59,91,62,93,97,126,88,118,88
경남,김해시,사망자수,3,3,1,2,6,2,2,4,3,2
경남,김해시,부상자수,114,84,149,81,129,139,167,109,186,122
경남,밀양시,사고건수,40,36,28,20,35,30,41,41,28,40
경남,밀양시,사망자수,1,4,1,0,2,0,3,1,1,0
경남,밀양시,부상자수,61,39,38,24,43,41,59,56,33,54
경남,거제시,사고건수,39,16,44,17,40,19,53,19,56,32
경남,거제시,사망자수,1,0,1,0,2,1,1,0,2,0
경남,거제시,부상자수,52,23,65,23,67,27,76,26,70,47
경남,의령군,사고건수,9,21,8,25,16,18,14,15,19,30
경남,의령군,사망자수,0,1,0,4,1,2,1,3,1,2
경남,의령군,부상자수,11,24,16,37,33,20,24,16,24,38
경남,함안군,사고건수,15,18,25,32,21,22,30,21,22,26
경남,함안군,사망자수,2,4,2,2,2,5,4,1,1,6
경남,함안군,부상자수,25,26,47,38,34,21,38,25,31,30
경남,창녕군,사고건수,23,36,29,52,39,43,35,40,43,47
경남,창녕군,사망자수,2,1,2,5,2,1,2,2,0,2
경남,창녕군,부상자수,27,44,48,71,74,57,50,56,62,59
경남,양산시,사고건수,54,24,73,47,57,42,61,43,71,45
경남,양산시,사망자수,0,3,1,1,1,1,1,1,6,0
경남,양산시,부상자수,80,34,116,56,82,70,100,70,95,71
경남,고성군,사고건수,18,7,21,21,24,18,29,24,36,22
경남,고성군,사망자수,1,0,2,7,0,2,0,2,9,2
경남,고성군,부상자수,26,7,26,27,32,21,49,25,69,27
경남,사천시,사고건수,66,43,46,51,55,49,52,64,55,58
경남,사천시,사망자수,5,2,8,5,1,2,1,2,0,1
경남,사천시,부상자수,104,72,62,69,99,71,93,86,82,79
경남,남해군,사고건수,22,30,23,32,15,26,21,21,25,27
경남,남해군,사망자수,3,0,0,2,1,0,1,0,3,0
경남,남해군,부상자수,23,41,40,40,20,29,29,33,33,37
경남,하동군,사고건수,13,18,16,20,14,22,25,32,14,25
경남,하동군,사망자수,2,2,1,3,2,1,2,1,0,3
경남,하동군,부상자수,21,24,23,26,20,26,28,44,16,27
경남,산청군,사고건수,8,19,23,24,21,18,19,24,20,27
경남,산청군,사망자수,0,2,2,3,1,0,1,1,2,0
경남,산청군,부상자수,11,34,37,32,28,31,37,41,30,41
경남,함양군,사고건수,18,18,7,23,23,26,16,29,17,22
경남,함양군,사망자수,1,2,1,0,1,1,0,3,2,2
경남,함양군,부상자수,33,16,7,33,35,34,27,38,24,37
경남,거창군,사고건수,15,27,16,31,32,30,22,41,26,19
경남,거창군,사망자수,0,4,0,2,5,2,1,5,0,2
경남,거창군,부상자수,18,31,19,39,32,37,29,52,27,21
경남,합천군,사고건수,22,24,14,21,10,35,25,38,17,26
경남,합천군,사망자수,1,1,1,2,0,3,1,3,1,0
경남,합천군,부상자수,30,30,25,24,13,43,33,45,28,42
경남,창원시,사고건수,166,81,191,106,202,135,210,108,206,144
경남,창원시,사망자수,8,4,3,7,1,7,12,9,8,7
경남,창원시,부상자수,237,103,274,146,272,187,274,151,274,192
제주,제주시,사고건수,163,114,149,119,151,147,155,162,200,147
제주,제주시,사망자수,3,3,2,4,1,4,4,9,5,4
제주,제주시,부상자수,221,136,240,160,227,204,200,266,287,221
제주,서귀포시,사고건수,75,76,90,102,75,94,92,120,86,99
제주,서귀포시,사망자수,6,4,2,4,1,4,1,1,2,3
제주,서귀포시,부상자수,124,93,135,134,105,136,136,176,139,150
